target,model,rmse,mae,r2
cci_t_plus_1,Ridge,8.593522302626926,6.35049957716771,0.3654509337238636
cci_t_plus_1,persistence,9.700150006715123,7.241821058249466,0.19150061597975032
cci_t_plus_1,climatology,11.211084522959364,8.345575069246015,-0.07998580228600316
cci_t_plus_2,Ridge,10.039532563828624,7.551549125699028,0.1335704464752766
cci_t_plus_2,persistence,12.099851963853988,9.347173776303752,-0.25853815318000595
cci_t_plus_2,climatology,11.214385243272137,8.352517267763226,-0.08107846007354835
cci_t_plus_3,Ridge,10.520225174770001,7.937579595174432,0.04873001802634802
cci_t_plus_3,persistence,13.26354440269225,10.323156354833792,-0.512073536345619
cci_t_plus_3,climatology,11.214024404330626,8.351177120290808,-0.0808780940230085
